idr,beam_rotation
0.006418339484360272,0.002519597823263
0.009718280394017413,0.0043783467263
0.013063894427103127,0.0059390765382
0.016419146318388842,0.00675780465827
0.019777695623760274,0.00740340934135
0.023138588668903132,0.0080159464851
0.026519181049160272,0.00863689905964
0.029904675911388845,0.00916062691249
0.033293489475103126,0.00960400281474
0.036683160919960274,0.00997326849029
0.040181779011960274,0.01028043753468
0.043635340249960276,0.01028043753468
