idr,beam_rotation
0.006460949461134257,0.002707229403311
0.009807893688967591,0.00528839486651
0.013143881217134256,0.00669362361077
0.01651908487626759,0.00766161084175
0.01990336334256759,0.008257231675080001
0.02328731895036759,0.00873278174549
0.02664199005116759,0.009193005505950001
0.030025723383300923,0.009524868335570001
0.03340956102350092,0.00988746248186
0.03679483662583426,0.01023556385189
0.040328622167834255,0.01059765880927
0.045435091163167594,0.01059765880927
