idr,column_rotation
0.006460949461134257,0.003767904185229
0.009807893688967591,0.007638603390661
0.013143881217134256,0.011380042647954
0.01651908487626759,0.015148572478191999
0.01990336334256759,0.018939512461663997
0.02328731895036759,0.022730907163358
0.02664199005116759,0.026518071914351002
0.030025723383300923,0.030303197214370997
0.03340956102350092,0.034082890895698
0.03679483662583426,0.037861734163046
0.040328622167834255,0.041634540422841
0.045435091163167594,0.045530283852746
